캐릭터명,레벨,발탄,비아키스,쿠크세이튼,아브렐슈드,일리아칸,오레하,아르고스,카양겔,timestamp
김서풍,1556.67,하드/가능,하드/가능,노말/가능,하드14노말56/가능,에피데믹/가능,골드보상X,가능,골드보상X/가능,하드1/가능,2022-09-07 13:25:36
냉동랜스,1477.50,하드/가능,하드/가능,노말/가능,데자뷰/가능,레벨제한/입장불가,골드보상X,가능,골드보상X/가능,노말/가능,2022-09-07 13:25:40
Obtusis,1565.83,하드/가능,하드/가능,노말/가능,하드16/가능,에피데믹/가능,골드보상X,가능,골드보상X/가능,하드2/가능,2022-09-07 13:25:44
리퍼님파티신청하지마세요,1560.00,하드/가능,하드/가능,노말/가능,하드16/가능,에피데믹/가능,골드보상X,가능,골드보상X/가능,하드2/가능,2022-09-07 13:25:48
선우서풍,1496.67,하드/가능,하드/가능,노말/가능,노말12/가능,레벨제한/입장불가,골드보상X,가능,골드보상X/가능,노말/가능,2022-09-07 13:25:51
남궁서풍,1467.50,하드/가능,하드/가능,리허설/가능,데자뷰/가능,레벨제한/입장불가,골드보상X,가능,3페이즈/가능,레벨제한/입장불가,2022-09-07 13:25:55
서문서풍,1467.50,하드/가능,하드/가능,리허설/가능,데자뷰/가능,레벨제한/입장불가,골드보상X,가능,3페이즈/가능,레벨제한/입장불가,2022-09-07 13:25:58
최왕하,1524.17,하드/가능,하드/가능,노말/가능,노말16/가능,에피데믹/가능,골드보상X,가능,골드보상X/가능,하드1/가능,2022-09-07 13:26:01
최왕후,1522.50,하드/가능,하드/가능,노말/가능,노말16/가능,에피데믹/가능,골드보상X,가능,골드보상X/가능,하드1/가능,2022-09-07 13:26:05
최왕서,1460.00,하드/가능,하드/가능,리허설/가능,데자뷰/가능,레벨제한/입장불가,골드보상X,가능,3페이즈/가능,레벨제한/입장불가,2022-09-07 13:26:08
최왕령,1503.33,하드/가능,하드/가능,노말/가능,노말14/가능,에피데믹/가능,골드보상X,가능,골드보상X/가능,노말/가능,2022-09-07 13:26:11
최왕임,1504.17,하드/가능,하드/가능,노말/가능,노말14/가능,에피데믹/가능,골드보상X,가능,골드보상X/가능,노말/가능,2022-09-07 13:26:14
최왕나,1460.00,하드/가능,하드/가능,리허설/가능,데자뷰/가능,레벨제한/입장불가,골드보상X,가능,3페이즈/가능,레벨제한/입장불가,2022-09-07 13:26:17
최왕헌,1510.83,하드/가능,하드/가능,노말/가능,노말14/가능,에피데믹/가능,골드보상X,가능,골드보상X/가능,노말/가능,2022-09-07 13:26:21
최왕로,1445.00,하드/가능,노말/가능,리허설/가능,데자뷰/가능,레벨제한/입장불가,골드보상X,가능,3페이즈/가능,레벨제한/입장불가,2022-09-07 13:26:25
최왕신,1415.00,노말/가능,레벨제한/입장불가,리허설/가능,레벨제한/입장불가,레벨제한/입장불가,골드보상X,가능,3페이즈/가능,레벨제한/입장불가,2022-09-07 13:26:27
왕마이트,1415.00,노말/가능,레벨제한/입장불가,리허설/가능,레벨제한/입장불가,레벨제한/입장불가,골드보상X,가능,3페이즈/가능,레벨제한/입장불가,2022-09-07 13:26:30
최왕아,1566.67,하드/가능,하드/가능,노말/가능,하드16/가능,에피데믹/가능,골드보상X,가능,골드보상X/가능,하드2/가능,2022-09-07 13:26:34
착한여자가연,1465.00,하드/가능,하드/가능,리허설/가능,데자뷰/가능,레벨제한/입장불가,골드보상X,가능,3페이즈/가능,레벨제한/입장불가,2022-09-07 13:26:37
Dentiscalpiu,1462.50,하드/가능,하드/가능,리허설/가능,데자뷰/가능,레벨제한/입장불가,골드보상X,가능,3페이즈/가능,레벨제한/입장불가,2022-09-07 13:26:41
Meridianorum,1467.50,하드/가능,하드/가능,리허설/가능,데자뷰/가능,레벨제한/입장불가,골드보상X,가능,3페이즈/가능,레벨제한/입장불가,2022-09-07 13:26:44
선갱쯰,1526.67,하드/가능,하드/가능,노말/가능,노말16/가능,에피데믹/가능,골드보상X,가능,골드보상X/가능,하드1/가능,2022-09-07 13:26:47
선갱징,1475.00,하드/가능,하드/가능,노말/가능,데자뷰/가능,레벨제한/입장불가,골드보상X,가능,골드보상X/가능,노말/가능,2022-09-07 13:26:51
선깽지,1465.00,하드/가능,하드/가능,리허설/가능,데자뷰/가능,레벨제한/입장불가,골드보상X,가능,3페이즈/가능,레벨제한/입장불가,2022-09-07 13:26:54
선갱찌,1465.00,하드/가능,하드/가능,리허설/가능,데자뷰/가능,레벨제한/입장불가,골드보상X,가능,3페이즈/가능,레벨제한/입장불가,2022-09-07 13:26:57
바위에머리받기,1584.17,하드/가능,하드/가능,노말/가능,하드16/가능,노말/가능,골드보상X,가능,골드보상X/가능,하드3/가능,2022-09-07 13:27:00
강옹끠,1600.00,하드/가능,하드/가능,노말/가능,하드16/가능,하드/가능,골드보상X,가능,골드보상X/가능,하드3/가능,2022-09-07 13:27:03
강옹뀨,1523.33,하드/가능,하드/가능,노말/가능,노말16/가능,에피데믹/가능,골드보상X,가능,골드보상X/가능,하드1/가능,2022-09-07 13:27:06
강옹홐,1540.00,하드/가능,하드/가능,노말/가능,하드12노말36/가능,에피데믹/가능,골드보상X,가능,골드보상X/가능,하드1/가능,2022-09-07 13:27:10
치평동잔반처리반,1561.67,하드/가능,하드/가능,노말/가능,하드16/가능,에피데믹/가능,골드보상X,가능,골드보상X/가능,하드2/가능,2022-09-07 13:27:13
강옹창,1520.00,하드/가능,하드/가능,노말/가능,노말16/가능,에피데믹/가능,골드보상X,가능,골드보상X/가능,하드1/가능,2022-09-07 13:27:16
강옹잽,1509.17,하드/가능,하드/가능,노말/가능,노말14/가능,에피데믹/가능,골드보상X,가능,골드보상X/가능,노말/가능,2022-09-07 13:27:20
강옹끤,1523.33,하드/가능,하드/가능,노말/가능,노말16/가능,에피데믹/가능,골드보상X,가능,골드보상X/가능,하드1/가능,2022-09-07 13:27:23
강옹뀌,1507.50,하드/가능,하드/가능,노말/가능,노말14/가능,에피데믹/가능,골드보상X,가능,골드보상X/가능,노말/가능,2022-09-07 13:27:26
명소연,1548.33,하드/가능,하드/가능,노말/가능,하드12노말36/가능,에피데믹/가능,골드보상X,가능,골드보상X/가능,하드1/가능,2022-09-07 13:27:29
강한여자가연,1503.33,하드/가능,하드/가능,노말/가능,노말14/가능,에피데믹/가능,골드보상X,가능,골드보상X/가능,노말/가능,2022-09-07 13:27:33
멋진남자가연,1415.00,노말/가능,레벨제한/입장불가,리허설/가능,레벨제한/입장불가,레벨제한/입장불가,골드보상X,가능,3페이즈/가능,레벨제한/입장불가,2022-09-07 13:27:36
Octavonota,1460.00,하드/가능,하드/가능,리허설/가능,데자뷰/가능,레벨제한/입장불가,골드보상X,가능,3페이즈/가능,레벨제한/입장불가,2022-09-07 13:27:40
Ejectio,1460.00,하드/가능,하드/가능,리허설/가능,데자뷰/가능,레벨제한/입장불가,골드보상X,가능,3페이즈/가능,레벨제한/입장불가,2022-09-07 13:27:43
Dogutibbl,1465.00,하드/가능,하드/가능,리허설/가능,데자뷰/가능,레벨제한/입장불가,골드보상X,가능,3페이즈/가능,레벨제한/입장불가,2022-09-07 13:27:47
바위에버프주기,1525.00,하드/가능,하드/가능,노말/가능,노말16/가능,에피데믹/가능,골드보상X,가능,골드보상X/가능,하드1/가능,2022-09-07 13:27:54
최왕린,1460.00,하드/가능,하드/가능,리허설/가능,데자뷰/가능,레벨제한/입장불가,골드보상X,가능,3페이즈/가능,레벨제한/입장불가,2022-09-07 13:28:01
겉멋충등장,1475.00,하드/가능,하드/가능,노말/가능,데자뷰/가능,레벨제한/입장불가,골드보상X,가능,골드보상X/가능,노말/가능,2022-09-07 13:28:06
바위에우산씌우기,1511.67,하드/가능,하드/가능,노말/가능,노말14/가능,에피데믹/가능,골드보상X,가능,골드보상X/가능,노말/가능,2022-09-07 13:28:11
바위에마법쓰기,1460.00,하드/가능,하드/가능,리허설/가능,데자뷰/가능,레벨제한/입장불가,골드보상X,가능,3페이즈/가능,레벨제한/입장불가,2022-09-07 13:28:17
바위에산수화,1445.00,하드/가능,노말/가능,리허설/가능,데자뷰/가능,레벨제한/입장불가,골드보상X,가능,3페이즈/가능,레벨제한/입장불가,2022-09-07 13:28:23
선깽즤,1425.00,노말/가능,레벨제한/입장불가,리허설/가능,레벨제한/입장불가,레벨제한/입장불가,골드보상X,가능,3페이즈/가능,레벨제한/입장불가,2022-09-07 13:28:28
선갱지,1570.00,하드/가능,하드/가능,노말/가능,하드16/가능,에피데믹/가능,골드보상X,가능,골드보상X/가능,하드2/가능,2022-09-07 13:28:31